age,workclass,fnlwgt,education,education-num,marital-status,occupation,relationship,race,sex,capital-gain,capital-loss,hours-per-week,native-country,income
26, Private,265952, 11th,7, Never-married, Sales, Own-child, White, Female,0,0,34, England, <=50K
34, Self-emp-not-inc,86006, Bachelors,13, Married-spouse-absent, Other-service, Unmarried, Asian-Pac-Islander, Female,0,0,40, South, <=50K
27, Private,179482, 7th-8th,4, Never-married, Farming-fishing, Not-in-family, White, Male,0,0,12, United-States, <=50K
28, Self-emp-not-inc,71378, HS-grad,9, Separated, Adm-clerical, Unmarried, White, Female,2,0,40, United-States, <=50K
52, Private,54201, HS-grad,10, Married-civ-spouse, Transport-moving, Husband, White, Male,1,0,57, United-States, <=50K
39, Self-emp-not-inc,127360, Bachelors,13, Married-civ-spouse, Sales, Husband, Other, Male,0,0,21, United-States, <=50K
46, Private,228876, 7th-8th,4, Married-civ-spouse, Craft-repair, Husband, White, Male,15,0,40, United-States, <=50K
21, ?,103722, Some-college,10, Never-married, ?, Own-child, White, Male,22,0,30, United-States, <=50K
56, Local-gov,162699, Bachelors,6, Married-civ-spouse, Craft-repair, Husband, White, Male,0,0,40, United-States, >50K
25, Private,254156, Assoc-voc,11, Never-married, Handlers-cleaners, Own-child, White, Male,0,0,20, United-States, <=50K
24, Federal-gov,343935, Some-college,10, Never-married, Protective-serv, Own-child, Black, Male,2,0,35, United-States, <=50K
30, Self-emp-not-inc,334721, Bachelors,13, Married-civ-spouse, Prof-specialty, Husband, White, Male,21,1790,71, United-States, <=50K
65, Private,174084, HS-grad,9, Married-civ-spouse, Exec-managerial, Husband, White, Male,0,0,56, United-States, >50K
42, Private,194685, 10th,7, Married-civ-spouse, Farming-fishing, Husband, White, Male,0,0,56, United-States, >50K
43, Private,270489, 7th-8th,4, Married-spouse-absent, Machine-op-inspct, Other-relative, White, Male,0,0,40, Puerto-Rico, <=50K
29, Private,233538, Some-college,10, Never-married, Adm-clerical, Not-in-family, White, Female,10,0,40, United-States, <=50K
24, Private,105714, HS-grad,9, Never-married, Adm-clerical, Unmarried, White, Female,0,0,35, United-States, <=50K
26, Private,110022, HS-grad,9, Married-spouse-absent, Machine-op-inspct, Own-child, Asian-Pac-Islander, Male,3811,0,40, South, <=50K
60, Private,255366, 10th,6, Married-civ-spouse, Craft-repair, Husband, White, Female,0,0,40, United-States, <=50K
63, Private,112131, 10th,6, Married-civ-spouse, Handlers-cleaners, Husband, White, Male,0,0,67, United-States, <=50K
47, Federal-gov,39904, Bachelors,13, Widowed, Adm-clerical, Not-in-family, White, Female,0,0,64, United-States, <=50K
23, Federal-gov,306838, HS-grad,9, Never-married, Adm-clerical, Own-child, Black, Male,7,0,40, United-States, <=50K
52, Private,186404, HS-grad,9, Never-married, Sales, Not-in-family, Black, Male,22,0,35, Puerto-Rico, <=50K
42, Self-emp-not-inc,274319, Some-college,10, Never-married, Prof-specialty, Not-in-family, Amer-Indian-Eskimo, Male,3377,0,40, United-States, <=50K
39, Federal-gov,324781, Doctorate,16, Never-married, Prof-specialty, Not-in-family, White, Male,18,1966,35, United-States, >50K
48, Private,96149, HS-grad,9, Never-married, Adm-clerical, Not-in-family, White, Male,2941,0,40, United-States, <=50K
19, Private,307420, 11th,7, Separated, Other-service, Unmarried, Black, Female,0,0,6, United-States, <=50K
34, Self-emp-inc,289270, Bachelors,13, Married-civ-spouse, Exec-managerial, Husband, White, Male,0,0,73, United-States, <=50K
53, ?,157154, HS-grad,5, Married-civ-spouse, ?, Wife, White, Female,4323,0,40, United-States, <=50K
45, Private,141384, Masters,14, Never-married, Prof-specialty, Not-in-family, White, Female,15216,0,35, United-States, >50K
34, Private,49128, 9th,3, Married-civ-spouse, Craft-repair, Husband, White, Male,0,0,40, Cuba, <=50K
49, Federal-gov,285933, HS-grad,9, Separated, Transport-moving, Other-relative, Black, Male,11,0,35, United-States, <=50K
20, Private,217256, HS-grad,9, Never-married, Handlers-cleaners, Own-child, White, Male,16,0,40, United-States, <=50K
25, Private,117314, Assoc-voc,11, Divorced, Exec-managerial, Not-in-family, White, Female,0,0,30, South, <=50K
59, Local-gov,317739, Masters,14, Married-civ-spouse, Exec-managerial, Husband, White, Male,0,0,40, United-States, <=50K
28, Private,202027, HS-grad,9, Married-civ-spouse, Sales, Wife, White, Female,5,0,40, United-States, >50K
27, Private,344867, Some-college,10, Never-married, Adm-clerical, Own-child, White, Female,35,0,40, United-States, <=50K
82, Private,237615, Some-college,10, Widowed, Adm-clerical, Not-in-family, White, Female,25,0,49, United-States, <=50K
27, Private,127552, Some-college,10, Never-married, Transport-moving, Own-child, White, Male,15,0,9, United-States, <=50K
26, Self-emp-not-inc,54053, Some-college,10, Married-civ-spouse, Transport-moving, Husband, Amer-Indian-Eskimo, Male,3281,0,44, United-States, <=50K
38, Private,211890, Masters,14, Married-civ-spouse, Prof-specialty, Husband, White, Male,0,0,40, United-States, <=50K
27, Federal-gov,107631, Assoc-voc,11, Never-married, Tech-support, Unmarried, White, Female,0,0,40, Cuba, <=50K
46, Private,409872, Bachelors,13, Married-civ-spouse, Prof-specialty, Husband, White, Male,0,0,58, United-States, >50K
30, Local-gov,197176, Bachelors,13, Never-married, Adm-clerical, Own-child, White, Female,0,0,43, United-States, <=50K
39, Private,351729, Bachelors,13, Married-civ-spouse, Adm-clerical, Husband, Black, Male,1,0,40, Canada, >50K
43, Federal-gov,107232, Bachelors,13, Married-civ-spouse, Prof-specialty, Husband, White, Male,26,0,36, United-States, >50K
41, Private,360179, HS-grad,9, Never-married, Exec-managerial, Other-relative, White, Male,16,0,45, United-States, <=50K
19, ?,71389, 11th,7, Never-married, ?, Own-child, White, Female,5,0,22, United-States, <=50K
61, Private,188434, Prof-school,14, Married-civ-spouse, Prof-specialty, Husband, White, Male,0,0,50, United-States, >50K
18, Private,211293, Some-college,10, Never-married, Other-service, Unmarried, White, Female,0,0,21, United-States, <=50K
58, Self-emp-not-inc,182183, Some-college,10, Married-civ-spouse, Adm-clerical, Husband, White, Male,52,0,63, United-States, <=50K
88, Self-emp-inc,138399, HS-grad,9, Widowed, Sales, Not-in-family, White, Female,22,0,56, United-States, <=50K
27, Self-emp-not-inc,39726, 10th,5, Never-married, Farming-fishing, Husband, White, Male,0,0,67, United-States, <=50K
38, Private,181686, Doctorate,16, Married-AF-spouse, Prof-specialty, Husband, White, Male,24,0,40, India, >50K
20, Private,333351, 5th-6th,4, Never-married, Handlers-cleaners, Not-in-family, White, Male,13,0,40, Mexico, <=50K
47, Self-emp-not-inc,107733, Some-college,10, Widowed, Craft-repair, Not-in-family, White, Male,23,0,67, United-States, <=50K
58, Private,107161, Some-college,10, Separated, Prof-specialty, Unmarried, White, Female,14,0,30, United-States, <=50K
62, Private,138621, HS-grad,9, Never-married, Sales, Own-child, White, Female,14,0,19, Jamaica, <=50K
38, Private,231819, HS-grad,9, Married-civ-spouse, Craft-repair, Wife, White, Female,14953,0,40, United-States, <=50K
41, Self-emp-not-inc,494402, HS-grad,9, Married-civ-spouse, Craft-repair, Not-in-family, Black, Male,8,0,57, United-States, <=50K
59, Private,174114, Some-college,10, Married-civ-spouse, Exec-managerial, Husband, White, Male,23,0,57, United-States, >50K
30, Private,156109, Masters,5, Married-civ-spouse, Exec-managerial, Husband, White, Male,0,0,40, ?, <=50K
22, Private,124901, 11th,11, Never-married, Handlers-cleaners, Not-in-family, White, Male,21,0,40, United-States, <=50K
44, Private,105817, 7th-8th,6, Divorced, Craft-repair, Not-in-family, White, Female,3,1,40, United-States, <=50K
57, Self-emp-not-inc,60968, Assoc-voc,11, Married-civ-spouse, Craft-repair, Husband, White, Male,13,0,40, United-States, <=50K
59, Private,370598, HS-grad,9, Widowed, Craft-repair, Own-child, White, Male,0,0,40, United-States, <=50K
22, Private,230067, HS-grad,9, Separated, Machine-op-inspct, Unmarried, White, Male,0,0,40, United-States, <=50K
61, Private,210063, Assoc-acdm,12, Married-civ-spouse, Handlers-cleaners, Husband, White, Male,19,1,40, United-States, <=50K
23, Private,79931, Assoc-acdm,13, Never-married, Adm-clerical, Not-in-family, Amer-Indian-Eskimo, Female,6,1,40, United-States, <=50K
28, Federal-gov,156894, HS-grad,9, Never-married, Craft-repair, Not-in-family, Black, Male,16,0,40, Jamaica, <=50K
44, Federal-gov,285388, 10th,6, Married-spouse-absent, Machine-op-inspct, Not-in-family, Amer-Indian-Eskimo, Male,0,0,40, United-States, <=50K
67, Self-emp-not-inc,126259, Some-college,11, Married-civ-spouse, Adm-clerical, Wife, White, Female,0,0,22, United-States, <=50K
71, Private,388565, Some-college,10, Never-married, Sales, Unmarried, White, Female,12,0,30, United-States, <=50K
19, ?,190885, Assoc-acdm,13, Never-married, ?, Own-child, White, Male,0,0,67, United-States, <=50K
37, Self-emp-not-inc,72874, Bachelors,13, Never-married, Other-service, Not-in-family, White, Male,0,0,40, United-States, <=50K
43, Private,124415, 11th,7, Married-civ-spouse, Craft-repair, Husband, White, Male,0,0,40, United-States, <=50K
26, Private,277210, 1st-4th,3, Divorced, Machine-op-inspct, Not-in-family, White, Female,12,0,30, Puerto-Rico, <=50K
41, Without-pay,116723, Prof-school,16, Never-married, Prof-specialty, Not-in-family, Black, Male,0,0,48, United-States, <=50K
76, State-gov,183662, Masters,6, Married-civ-spouse, Other-service, Husband, White, Male,12,0,40, United-States, <=50K
69, Self-emp-not-inc,36632, 11th,4, Separated, Craft-repair, Unmarried, White, Female,3389,0,10, United-States, <=50K
33, Private,245163, HS-grad,9, Never-married, Machine-op-inspct, Not-in-family, White, Male,27,0,57, United-States, <=50K
54, Private,218155, Masters,14, Married-civ-spouse, Exec-managerial, Husband, White, Male,1,0,40, United-States, >50K
28, Self-emp-not-inc,100852, HS-grad,9, Separated, Adm-clerical, Not-in-family, White, Female,2728,0,29, United-States, <=50K
65, Private,217679, HS-grad,9, Widowed, Tech-support, Not-in-family, White, Female,14,0,40, United-States, <=50K
36, Private,174123, Some-college,10, Never-married, Adm-clerical, Not-in-family, White, Female,13,0,35, United-States, <=50K
17, Private,150812, Some-college,10, Never-married, Handlers-cleaners, Own-child, White, Male,0,0,7, United-States, <=50K
45, Private,171438, Bachelors,13, Married-civ-spouse, Sales, Husband, White, Male,0,0,45, United-States, <=50K
43, Self-emp-not-inc,372314, HS-grad,9, Divorced, Handlers-cleaners, Not-in-family, White, Male,18,1909,40, United-States, >50K
20, Private,232450, HS-grad,11, Separated, Adm-clerical, Unmarried, Black, Male,0,0,40, United-States, <=50K
27, Private,255588, 5th-6th,4, Married-civ-spouse, Prof-specialty, Wife, White, Female,0,0,19, Cuba, <=50K
58, Self-emp-not-inc,198188, HS-grad,9, Divorced, Farming-fishing, Not-in-family, White, Male,0,0,55, United-States, <=50K
30, Private,152403, HS-grad,9, Married-civ-spouse, Adm-clerical, Wife, White, Female,21,0,37, United-States, <=50K
24, Private,336705, 5th-6th,3, Never-married, Other-service, Other-relative, White, Male,0,0,11, Mexico, <=50K
25, Self-emp-not-inc,298536, Some-college,10, Never-married, Adm-clerical, Own-child, Asian-Pac-Islander, Male,0,0,60, United-States, <=50K
54, Private,277870, Bachelors,13, Married-civ-spouse, Craft-repair, Husband, White, Male,18,0,40, United-States, >50K
61, State-gov,338799, Some-college,10, Married-civ-spouse, Prof-specialty, Husband, White, Male,7,0,40, United-States, <=50K
65, Self-emp-not-inc,231979, Some-college,10, Married-civ-spouse, Farming-fishing, Husband, White, Male,0,0,58, United-States, <=50K
47, Federal-gov,311804, HS-grad,9, Married-civ-spouse, Craft-repair, Husband, White, Male,13,0,40, United-States, <=50K
62, Self-emp-not-inc,117551, 1st-4th,9, Married-civ-spouse, Exec-managerial, Husband, White, Male,18,0,64, United-States, <=50K
26, Federal-gov,32461, HS-grad,9, Never-married, Farming-fishing, Own-child, White, Male,3392,0,40, United-States, <=50K
47, Self-emp-inc,135183, Some-college,10, Married-civ-spouse, Exec-managerial, Husband, White, Female,13,0,70, United-States, >50K
77, Self-emp-not-inc,301620, Some-college,10, Married-civ-spouse, Farming-fishing, Husband, White, Male,17,0,63, United-States, <=50K
27, Self-emp-not-inc,185154, Assoc-voc,11, Divorced, Tech-support, Not-in-family, White, Male,7,0,35, United-States, <=50K
70, Private,345981, 7th-8th,4, Married-AF-spouse, ?, Unmarried, White, Female,19,0,35, Nicaragua, <=50K
68, Self-emp-not-inc,45574, HS-grad,9, Married-civ-spouse, Transport-moving, Husband, White, Male,12,0,49, United-States, <=50K
42, Private,364213, HS-grad,9, Never-married, Craft-repair, Not-in-family, White, Male,0,0,40, United-States, <=50K
90, Self-emp-inc,176480, HS-grad,9, Widowed, Adm-clerical, Not-in-family, White, Female,5,0,30, United-States, <=50K
28, Private,313463, HS-grad,9, Never-married, Craft-repair, Other-relative, White, Male,0,0,58, United-States, <=50K
43, State-gov,274448, Masters,14, Married-civ-spouse, Transport-moving, Husband, Amer-Indian-Eskimo, Male,0,0,40, United-States, >50K
40, Private,211701, HS-grad,9, Never-married, Other-service, Own-child, White, Female,2627,0,40, United-States, <=50K
20, Local-gov,116547, Some-college,10, Never-married, Adm-clerical, Own-child, White, Female,7,0,30, United-States, <=50K
19, Self-emp-not-inc,279369, HS-grad,9, Never-married, Other-service, Own-child, Black, Female,0,0,30, England, <=50K
44, Private,381002, HS-grad,9, Never-married, Adm-clerical, Other-relative, White, Female,3,0,40, United-States, <=50K
35, Self-emp-not-inc,325775, HS-grad,9, Married-civ-spouse, Transport-moving, Wife, White, Male,3,0,57, United-States, <=50K
25, Private,329094, 7th-8th,4, Separated, Other-service, Not-in-family, White, Female,0,0,40, Puerto-Rico, <=50K
62, Self-emp-not-inc,33104, HS-grad,9, Widowed, Exec-managerial, Unmarried, White, Female,1,0,58, United-States, <=50K
61, State-gov,118342, Some-college,10, Married-civ-spouse, Protective-serv, Husband, White, Male,0,0,40, United-States, <=50K
34, Private,28547, HS-grad,9, Married-civ-spouse, Adm-clerical, Husband, White, Male,0,0,57, United-States, <=50K
21, Private,161563, HS-grad,9, Never-married, Machine-op-inspct, Not-in-family, Black, Female,0,0,40, United-States, <=50K
39, Self-emp-not-inc,139464, Bachelors,11, Married-civ-spouse, Prof-specialty, Husband, White, Male,29,0,71, United-States, >50K
38, Private,172497, Doctorate,16, Divorced, Prof-specialty, Unmarried, White, Male,18,0,55, United-States, >50K
61, Local-gov,43016, Masters,14, Never-married, Prof-specialty, Not-in-family, White, Male,0,0,49, United-States, >50K
35, Private,183416, Masters,14, Never-married, Tech-support, Not-in-family, White, Female,5,0,40, United-States, <=50K
32, ?,106567, HS-grad,9, Widowed, Adm-clerical, Not-in-family, White, Female,0,0,11, United-States, <=50K
25, Private,203086, Some-college,10, Never-married, Priv-house-serv, Not-in-family, White, Male,1,0,40, Puerto-Rico, <=50K
84, Self-emp-not-inc,237392, 10th,6, Married-civ-spouse, Tech-support, Husband, White, Male,15,0,40, United-States, <=50K
23, Private,103550, HS-grad,9, Never-married, Adm-clerical, Own-child, White, Female,20,0,40, United-States, <=50K
54, Private,126738, 10th,6, Married-civ-spouse, Craft-repair, Husband, White, Male,0,0,40, United-States, <=50K
62, Local-gov,117258, Some-college,10, Married-civ-spouse, Craft-repair, Husband, White, Male,9,0,46, United-States, <=50K
44, Private,82749, HS-grad,9, Married-civ-spouse, Exec-managerial, Husband, White, Male,7,0,40, United-States, <=50K
29, ?,140842, Preschool,15, Married-civ-spouse, ?, Husband, White, Male,12,0,5, United-States, <=50K
21, ?,265220, Some-college,4, Never-married, ?, Own-child, White, Male,0,0,8, United-States, <=50K
69, ?,176564, 10th,6, Married-civ-spouse, ?, Wife, White, Female,0,1,13, United-States, <=50K
60, Private,171384, 10th,10, Married-civ-spouse, Machine-op-inspct, Not-in-family, White, Male,21,0,40, United-States, <=50K
39, Self-emp-not-inc,33328, HS-grad,13, Married-civ-spouse, Adm-clerical, Husband, White, Male,13,0,59, United-States, <=50K
62, Federal-gov,70986, HS-grad,9, Separated, Other-service, Unmarried, White, Female,25,0,40, United-States, <=50K
43, Private,353698, Some-college,10, Divorced, Craft-repair, Not-in-family, White, Male,3,0,57, Cuba, >50K
21, Private,166303, 11th,7, Never-married, Sales, Not-in-family, White, Male,0,0,40, United-States, <=50K
17, ?,195613, 11th,7, Never-married, Other-service, Unmarried, White, Female,0,0,8, United-States, <=50K
45, State-gov,353961, Assoc-voc,15, Married-civ-spouse, Prof-specialty, Husband, Asian-Pac-Islander, Male,11,0,36, India, <=50K
19, Private,77171, 11th,7, Never-married, Machine-op-inspct, Own-child, White, Female,0,0,7, United-States, <=50K
59, State-gov,574782, HS-grad,9, Divorced, Adm-clerical, Not-in-family, Black, Male,13,0,40, United-States, <=50K
43, Self-emp-not-inc,197146, 7th-8th,9, Never-married, Transport-moving, Not-in-family, White, Male,0,0,46, United-States, <=50K
41, Private,115311, HS-grad,9, Married-civ-spouse, Craft-repair, Husband, White, Male,8,0,22, United-States, <=50K
59, ?,169278, Preschool,15, Married-AF-spouse, Prof-specialty, Wife, White, Female,5,0,37, United-States, >50K
38, Private,299463, Some-college,10, Married-civ-spouse, Sales, Wife, White, Female,0,0,36, Cuba, <=50K
48, Self-emp-inc,183886, Bachelors,13, Married-civ-spouse, Exec-managerial, Husband, White, Male,24,1749,49, United-States, >50K
62, Self-emp-not-inc,138166, 7th-8th,7, Married-civ-spouse, Craft-repair, Husband, White, Male,21,0,40, United-States, >50K
40, State-gov,538851, HS-grad,9, Married-civ-spouse, Adm-clerical, Husband, White, Male,1,0,40, United-States, >50K
46, Private,311313, HS-grad,13, Never-married, Other-service, Not-in-family, White, Female,0,0,30, United-States, <=50K
40, Private,187179, Bachelors,6, Married-civ-spouse, Other-service, Husband, White, Male,0,0,40, United-States, <=50K
46, Private,153642, Masters,10, Married-civ-spouse, Exec-managerial, Wife, White, Male,0,0,40, ?, <=50K
38, Private,195736, HS-grad,9, Married-spouse-absent, Other-service, Unmarried, Asian-Pac-Islander, Female,21,0,34, Jamaica, <=50K
47, Private,120569, Bachelors,13, Married-civ-spouse, Craft-repair, Husband, White, Male,0,0,43, Canada, >50K
47, Federal-gov,153785, Masters,11, Divorced, Adm-clerical, Unmarried, White, Female,0,0,40, United-States, <=50K
39, Private,549177, HS-grad,9, Married-civ-spouse, Machine-op-inspct, Husband, White, Male,16,0,40, United-States, <=50K
30, Private,82426, Assoc-voc,11, Divorced, Tech-support, Not-in-family, White, Male,2,0,60, United-States, <=50K
63, Private,329618, HS-grad,9, Widowed, Exec-managerial, Not-in-family, White, Female,0,0,17, United-States, <=50K
28, Private,260620, HS-grad,9, Married-civ-spouse, Machine-op-inspct, Husband, White, Male,2,0,40, United-States, <=50K
42, Private,214717, HS-grad,9, Separated, Craft-repair, Not-in-family, Black, Female,8,0,40, United-States, >50K
32, Private,378084, HS-grad,9, Never-married, Machine-op-inspct, Not-in-family, Black, Male,8,0,40, United-States, <=50K
53, ?,98807, Bachelors,13, Married-civ-spouse, ?, Wife, Other, Female,12,1797,40, United-States, <=50K
21, Private,480016, 11th,7, Never-married, Handlers-cleaners, Own-child, White, Male,0,0,40, United-States, <=50K
22, Local-gov,220148, Masters,14, Never-married, Prof-specialty, Unmarried, Black, Female,0,0,34, United-States, <=50K
42, Self-emp-inc,366730, HS-grad,9, Married-civ-spouse, Craft-repair, Husband, White, Male,6,0,40, United-States, <=50K
44, Federal-gov,159523, Some-college,10, Never-married, Tech-support, Not-in-family, Amer-Indian-Eskimo, Female,0,0,40, United-States, <=50K
18, ?,114077, 11th,7, Widowed, ?, Unmarried, Black, Female,0,0,11, United-States, <=50K
27, Private,199990, HS-grad,13, Married-civ-spouse, Transport-moving, Wife, Asian-Pac-Islander, Male,0,0,40, England, <=50K
49, Private,244236, HS-grad,9, Married-civ-spouse, Transport-moving, Husband, White, Male,4,0,40, United-States, <=50K
36, Self-emp-not-inc,83731, Assoc-voc,11, Never-married, Transport-moving, Not-in-family, White, Male,0,0,50, United-States, <=50K
36, Private,183425, Some-college,10, Separated, Sales, Not-in-family, White, Female,1,0,53, United-States, <=50K
51, Private,153737, HS-grad,9, Widowed, Adm-clerical, Not-in-family, White, Female,3799,0,40, United-States, <=50K
43, Private,111448, HS-grad,9, Divorced, Other-service, Not-in-family, White, Female,13,0,57, United-States, <=50K
42, Local-gov,133400, Assoc-acdm,12, Married-civ-spouse, Prof-specialty, Husband, White, Male,2,0,40, United-States, <=50K
36, Private,186167, 7th-8th,3, Married-civ-spouse, Machine-op-inspct, Unmarried, Asian-Pac-Islander, Male,23,0,36, South, >50K
30, Self-emp-not-inc,101342, 10th,5, Married-civ-spouse, Sales, Husband, White, Female,8,0,40, South, <=50K
35, Private,80569, 11th,5, Married-civ-spouse, Craft-repair, Wife, White, Female,0,2066,40, England, <=50K
27, Private,68587, Bachelors,13, Never-married, Adm-clerical, Not-in-family, White, Male,8,0,40, United-States, <=50K
64, Self-emp-not-inc,169040, HS-grad,9, Widowed, Adm-clerical, Not-in-family, White, Female,24,0,58, United-States, <=50K
26, Local-gov,315635, Some-college,10, Never-married, Adm-clerical, Own-child, Black, Male,15,0,40, United-States, <=50K
37, Private,342555, 11th,7, Married-civ-spouse, Machine-op-inspct, Husband, White, Male,0,1,40, United-States, <=50K
35, Federal-gov,166939, Some-college,10, Married-civ-spouse, Tech-support, Wife, Asian-Pac-Islander, Male,0,0,40, Cuba, <=50K
53, Local-gov,351631, Some-college,10, Separated, Adm-clerical, Not-in-family, Black, Female,14,0,36, United-States, <=50K
40, Self-emp-not-inc,188312, Some-college,10, Married-civ-spouse, Craft-repair, Husband, White, Male,17,0,40, United-States, <=50K
29, Local-gov,209240, Some-college,10, Separated, Other-service, Other-relative, White, Female,0,0,40, United-States, <=50K
27, Local-gov,172354, Bachelors,13, Never-married, Prof-specialty, Not-in-family, White, Female,0,0,40, United-States, <=50K
46, Private,22865, HS-grad,9, Married-civ-spouse, Machine-op-inspct, Wife, White, Female,31,0,40, United-States, >50K
37, Federal-gov,120638, Bachelors,13, Married-civ-spouse, Exec-managerial, Husband, White, Male,19,0,40, United-States, >50K
43, State-gov,131726, Masters,14, Never-married, Prof-specialty, Not-in-family, Asian-Pac-Islander, Male,0,0,40, India, >50K
44, Local-gov,102194, Assoc-acdm,13, Married-civ-spouse, Prof-specialty, Husband, White, Female,8,0,40, United-States, <=50K
61, ?,107571, 9th,6, Never-married, ?, Own-child, White, Female,12,0,11, United-States, <=50K
41, Private,320740, Bachelors,13, Divorced, Prof-specialty, Not-in-family, White, Female,0,0,40, United-States, <=50K
24, Local-gov,40413, 9th,6, Never-married, Sales, Not-in-family, White, Female,2,0,35, United-States, <=50K
21, Private,209027, HS-grad,9, Married-spouse-absent, Machine-op-inspct, Other-relative, White, Female,7,0,30, United-States, <=50K
27, Self-emp-not-inc,221618, HS-grad,9, Never-married, Other-service, Own-child, White, Female,0,0,18, United-States, <=50K
47, State-gov,314965, Doctorate,14, Never-married, Prof-specialty, Not-in-family, White, Male,26,0,40, United-States, <=50K
24, Private,49718, Bachelors,13, Married-spouse-absent, Adm-clerical, Other-relative, White, Female,11,0,40, Puerto-Rico, <=50K
37, Private,143420, Assoc-voc,11, Never-married, Craft-repair, Not-in-family, White, Male,13,0,44, United-States, <=50K
56, Private,107800, Some-college,10, Married-civ-spouse, Sales, Husband, White, Male,0,0,40, United-States, <=50K
40, Private,184287, Bachelors,13, Married-civ-spouse, Exec-managerial, Husband, White, Male,15,0,59, United-States, >50K
62, Self-emp-not-inc,15649, HS-grad,9, Married-civ-spouse, Craft-repair, Husband, White, Male,17,0,60, United-States, <=50K
21, Private,200013, HS-grad,9, Separated, Sales, Not-in-family, White, Female,3521,0,36, United-States, <=50K
50, Private,135598, Assoc-voc,11, Married-civ-spouse, Craft-repair, Husband, White, Male,9,0,69, United-States, >50K
41, Private,207615, Bachelors,13, Married-civ-spouse, Craft-repair, Husband, White, Male,8,0,64, Cuba, <=50K
70, Private,128907, Some-college,10, Married-civ-spouse, Craft-repair, Husband, Asian-Pac-Islander, Male,20,0,40, ?, >50K
48, Self-emp-not-inc,266217, Some-college,10, Divorced, Machine-op-inspct, Not-in-family, White, Female,24,0,40, United-States, <=50K
59, Self-emp-not-inc,384418, 7th-8th,5, Separated, Farming-fishing, Not-in-family, White, Male,5,0,44, United-States, >50K
65, Local-gov,130120, Doctorate,16, Separated, Prof-specialty, Not-in-family, White, Male,14819,0,59, Thailand, >50K
61, Private,294587, HS-grad,9, Separated, Other-service, Wife, White, Female,2,0,40, United-States, <=50K
37, Federal-gov,31603, Bachelors,13, Divorced, Exec-managerial, Not-in-family, White, Male,6,0,45, United-States, >50K
39, Federal-gov,217939, Bachelors,13, Married-civ-spouse, Prof-specialty, Husband, White, Male,2,0,44, United-States, >50K
32, Private,178726, Some-college,10, Married-civ-spouse, Handlers-cleaners, Husband, White, Male,0,1,40, United-States, <=50K
25, Private,113213, HS-grad,9, Married-civ-spouse, Machine-op-inspct, Husband, White, Male,25,0,40, United-States, <=50K
43, Private,223055, HS-grad,9, Married-spouse-absent, Machine-op-inspct, Not-in-family, White, Female,20,1,40, United-States, <=50K
43, Private,214226, HS-grad,9, Married-civ-spouse, Transport-moving, Other-relative, White, Male,3,0,40, United-States, <=50K
49, Private,181541, Some-college,11, Never-married, Transport-moving, Not-in-family, White, Male,5,0,37, United-States, <=50K
39, Local-gov,338667, HS-grad,9, Married-civ-spouse, Craft-repair, Husband, Other, Male,7,0,57, United-States, <=50K
57, Federal-gov,198233, Masters,14, Married-civ-spouse, Prof-specialty, Husband, White, Male,14,0,40, Vietnam, >50K
28, Private,149132, 9th,6, Married-civ-spouse, Farming-fishing, Husband, White, Male,6,0,40, United-States, <=50K
29, Local-gov,201513, Masters,14, Married-civ-spouse, Exec-managerial, Wife, White, Female,11,0,40, United-States, <=50K
17, ?,201206, Assoc-acdm,13, Never-married, ?, Not-in-family, Asian-Pac-Islander, Male,5,0,21, ?, <=50K
48, Private,97990, Bachelors,13, Divorced, Craft-repair, Not-in-family, White, Male,2,1872,40, United-States, <=50K
49, Local-gov,70746, Prof-school,16, Married-civ-spouse, Prof-specialty, Husband, White, Male,17,0,40, United-States, <=50K
39, Private,134208, HS-grad,9, Married-civ-spouse, Machine-op-inspct, Wife, White, Female,0,0,57, United-States, <=50K
59, Private,52599, Some-college,10, Divorced, Transport-moving, Not-in-family, White, Female,3413,0,58, United-States, <=50K
31, Without-pay,270917, Some-college,10, Never-married, Craft-repair, Not-in-family, White, Male,14,0,12, United-States, <=50K
21, Local-gov,176497, 10th,7, Never-married, Craft-repair, Not-in-family, Black, Male,7,0,40, United-States, <=50K
77, Private,26101, Some-college,10, Widowed, Adm-clerical, Not-in-family, White, Female,0,0,36, United-States, <=50K
30, State-gov,217430, Masters,14, Never-married, Adm-clerical, Own-child, White, Male,0,0,40, United-States, <=50K
53, Private,146735, Bachelors,13, Never-married, Prof-specialty, Not-in-family, White, Female,0,0,60, United-States, >50K
47, Private,153010, 11th,7, Never-married, Craft-repair, Not-in-family, White, Male,26,0,30, United-States, <=50K
60, Private,116773, HS-grad,9, Married-civ-spouse, Other-service, Other-relative, White, Female,2,0,40, Canada, <=50K
43, Private,59623, Some-college,10, Widowed, Transport-moving, Own-child, White, Female,0,0,34, United-States, <=50K
21, Private,182554, HS-grad,9, Never-married, Farming-fishing, Other-relative, White, Female,0,0,36, United-States, <=50K
42, Local-gov,156340, Some-college,10, Married-civ-spouse, Adm-clerical, Wife, Asian-Pac-Islander, Female,4,0,40, Cuba, >50K
58, Private,204981, HS-grad,9, Married-civ-spouse, Craft-repair, Husband, White, Male,0,0,40, United-States, <=50K
36, Self-emp-not-inc,205567, Bachelors,13, Married-civ-spouse, Adm-clerical, Husband, White, Male,6,0,65, United-States, >50K
48, Private,116597, Bachelors,13, Married-civ-spouse, Prof-specialty, Husband, White, Male,16,0,58, United-States, >50K
43, Self-emp-inc,100043, HS-grad,9, Married-civ-spouse, Sales, Husband, White, Male,5,0,40, United-States, <=50K
33, Self-emp-not-inc,377417, HS-grad,9, Married-civ-spouse, Transport-moving, Husband, White, Male,4100,0,36, United-States, <=50K
42, Private,278562, 12th,7, Never-married, Transport-moving, Not-in-family, White, Female,0,0,40, England, <=50K
52, Self-emp-inc,284106, Doctorate,15, Married-civ-spouse, Prof-specialty, Husband, White, Male,3,0,56, Iran, >50K
39, Private,292493, Assoc-acdm,13, Married-spouse-absent, Adm-clerical, Not-in-family, Asian-Pac-Islander, Female,24,0,40, Jamaica, <=50K
25, Self-emp-not-inc,53322, HS-grad,9, Never-married, Other-service, Other-relative, White, Female,23,0,57, United-States, <=50K
39, State-gov,71489, Some-college,10, Married-civ-spouse, Craft-repair, Husband, White, Male,0,0,40, United-States, <=50K
42, Self-emp-inc,89628, Bachelors,13, Married-civ-spouse, Prof-specialty, Husband, White, Male,16,0,36, United-States, >50K
44, Private,86851, Bachelors,13, Married-civ-spouse, Machine-op-inspct, Husband, White, Female,0,0,37, United-States, <=50K
26, Self-emp-not-inc,71451, Masters,14, Never-married, Prof-specialty, Not-in-family, White, Female,9,0,49, India, <=50K
41, Private,374936, HS-grad,9, Married-civ-spouse, Craft-repair, Husband, White, Male,1,0,40, United-States, <=50K
46, Private,119478, Masters,6, Married-civ-spouse, Prof-specialty, Husband, White, Male,0,0,44, England, <=50K
24, ?,365512, Assoc-acdm,13, Widowed, ?, Other-relative, White, Female,0,0,40, United-States, <=50K
32, Local-gov,40848, Masters,14, Married-civ-spouse, Prof-specialty, Not-in-family, Amer-Indian-Eskimo, Female,0,0,40, United-States, <=50K
71, Federal-gov,152930, Some-college,10, Widowed, Tech-support, Not-in-family, White, Male,0,0,35, United-States, <=50K
18, Private,145236, Some-college,10, Never-married, Adm-clerical, Own-child, White, Female,4,0,30, United-States, <=50K
60, Self-emp-not-inc,48133, HS-grad,9, Married-civ-spouse, Transport-moving, Husband, White, Male,9,0,40, United-States, <=50K
62, Self-emp-not-inc,136031, Bachelors,13, Married-civ-spouse, Sales, Husband, White, Male,3,0,35, United-States, <=50K
43, Private,370426, Doctorate,16, Married-civ-spouse, Prof-specialty, Husband, White, Male,15363,0,67, Thailand, >50K
40, State-gov,243573, Masters,14, Married-civ-spouse, Prof-specialty, Husband, White, Female,0,0,37, United-States, <=50K
61, State-gov,40486, Assoc-voc,11, Married-civ-spouse, Craft-repair, Husband, White, Male,0,0,40, United-States, <=50K
50, Local-gov,149708, Bachelors,13, Married-civ-spouse, Prof-specialty, Husband, White, Male,5,0,40, United-States, >50K
35, Private,190748, Some-college,10, Separated, Tech-support, Unmarried, White, Female,17,0,40, United-States, <=50K
25, Local-gov,173126, Masters,14, Never-married, Prof-specialty, Own-child, White, Female,11,0,3, United-States, <=50K
56, Local-gov,195374, HS-grad,9, Divorced, Exec-managerial, Not-in-family, White, Male,14,0,35, United-States, <=50K
32, Private,291089, Some-college,10, Married-civ-spouse, Adm-clerical, Wife, White, Female,11,0,36, United-States, <=50K
28, Private,141035, Some-college,10, Never-married, Craft-repair, Not-in-family, White, Male,15,0,40, United-States, <=50K
21, Private,56547, Bachelors,13, Never-married, Other-service, Unmarried, White, Female,0,0,22, South, <=50K
43, Local-gov,190470, Assoc-acdm,12, Married-spouse-absent, Prof-specialty, Husband, White, Male,0,0,40, United-States, >50K
35, Private,258204, Bachelors,13, Divorced, Other-service, Unmarried, White, Female,0,0,40, United-States, <=50K
38, Self-emp-inc,389075, HS-grad,9, Married-civ-spouse, Transport-moving, Husband, White, Male,3814,0,40, United-States, <=50K
58, Private,92796, 11th,6, Married-civ-spouse, Other-service, Husband, White, Male,0,0,40, United-States, <=50K
47, Local-gov,116607, Bachelors,13, Married-civ-spouse, Exec-managerial, Husband, White, Male,5,2089,40, United-States, >50K
40, Private,364809, Some-college,10, Married-civ-spouse, Sales, Husband, White, Male,0,0,40, England, <=50K
37, Local-gov,195219, Masters,9, Married-AF-spouse, Adm-clerical, Wife, White, Female,14891,0,40, Japan, >50K
23, Private,32920, Bachelors,13, Never-married, Prof-specialty, Own-child, White, Female,26,0,56, United-States, <=50K
53, Self-emp-inc,385583, HS-grad,9, Married-civ-spouse, Craft-repair, Husband, White, Male,12,0,56, Canada, <=50K
45, Self-emp-inc,12285, Some-college,10, Married-civ-spouse, Exec-managerial, Husband, White, Male,26,0,59, United-States, >50K
39, Private,167167, Bachelors,13, Married-civ-spouse, Prof-specialty, Husband, White, Male,11,0,67, United-States, >50K
52, Local-gov,182559, Doctorate,14, Married-civ-spouse, Prof-specialty, Husband, White, Female,3,1,40, Philippines, >50K
21, Private,107838, HS-grad,9, Married-spouse-absent, Adm-clerical, Own-child, White, Female,0,0,20, United-States, <=50K
26, Private,106106, Assoc-voc,11, Never-married, Craft-repair, Not-in-family, White, Male,29,0,54, United-States, <=50K
29, Private,470177, HS-grad,9, Never-married, Handlers-cleaners, Not-in-family, White, Male,22,0,40, United-States, <=50K
21, ?,190603, HS-grad,9, Widowed, ?, Other-relative, White, Male,10,0,23, United-States, <=50K
66, Self-emp-not-inc,143200, Some-college,13, Married-civ-spouse, Prof-specialty, Husband, White, Male,20,0,45, United-States, <=50K
23, Private,229183, 11th,7, Divorced, Sales, Unmarried, White, Female,0,0,40, United-States, <=50K
43, Private,143989, Assoc-acdm,12, Married-civ-spouse, Adm-clerical, Husband, White, Male,0,1,70, United-States, >50K
79, Self-emp-inc,183955, Some-college,10, Married-civ-spouse, Adm-clerical, Husband, White, Male,3743,0,35, United-States, >50K
22, Local-gov,305143, Bachelors,13, Never-married, Prof-specialty, Own-child, Black, Female,0,0,35, United-States, <=50K
42, Private,135956, Some-college,10, Married-civ-spouse, Other-service, Wife, Asian-Pac-Islander, Female,0,0,13, South, <=50K
37, Private,190685, Some-college,10, Married-civ-spouse, Prof-specialty, Husband, White, Male,13,0,61, United-States, <=50K
55, Self-emp-not-inc,288018, HS-grad,9, Married-civ-spouse, Adm-clerical, Husband, White, Male,0,0,66, United-States, >50K
24, Private,396352, 5th-6th,3, Never-married, Handlers-cleaners, Other-relative, Black, Female,1,0,40, United-States, <=50K
66, ?,157048, HS-grad,9, Widowed, ?, Not-in-family, White, Female,0,0,34, United-States, <=50K
52, Private,146731, HS-grad,9, Married-civ-spouse, Sales, Husband, White, Male,23,0,40, United-States, >50K
43, Private,338787, Doctorate,16, Married-civ-spouse, Prof-specialty, Husband, White, Male,4856,0,64, England, >50K
18, Federal-gov,324619, 10th,6, Never-married, Machine-op-inspct, Own-child, Black, Female,0,0,40, United-States, <=50K
39, State-gov,179355, HS-grad,9, Married-civ-spouse, Craft-repair, Husband, White, Male,3565,0,40, United-States, >50K
45, Self-emp-not-inc,36614, Assoc-acdm,12, Married-civ-spouse, Adm-clerical, Husband, White, Male,0,0,40, United-States, >50K
44, Without-pay,114585, HS-grad,9, Married-civ-spouse, Machine-op-inspct, Husband, White, Male,0,0,49, United-States, <=50K
53, Self-emp-not-inc,340958, HS-grad,9, Divorced, Adm-clerical, Not-in-family, White, Male,0,0,36, United-States, <=50K
58, State-gov,182577, Some-college,10, Married-civ-spouse, Transport-moving, Husband, White, Male,16,0,60, United-States, >50K
34, Private,147426, Some-college,10, Divorced, Machine-op-inspct, Not-in-family, White, Male,0,0,40, United-States, <=50K
61, Without-pay,232900, HS-grad,9, Married-civ-spouse, Craft-repair, Husband, White, Male,7,0,40, United-States, <=50K
41, Local-gov,178099, Bachelors,13, Separated, Prof-specialty, Not-in-family, White, Male,11,0,40, United-States, >50K
60, Private,268871, 9th,5, Married-civ-spouse, Transport-moving, Husband, Other, Male,0,0,40, United-States, <=50K
56, Private,302075, HS-grad,9, Widowed, Adm-clerical, Unmarried, White, Female,0,0,30, United-States, <=50K
67, Local-gov,135808, Some-college,10, Married-civ-spouse, Adm-clerical, Wife, White, Female,0,0,40, Cuba, <=50K
19, ?,91822, 12th,5, Never-married, ?, Own-child, White, Female,0,0,19, United-States, <=50K
24, Self-emp-not-inc,277076, HS-grad,9, Never-married, Adm-clerical, Own-child, Asian-Pac-Islander, Female,58,0,35, South, <=50K
41, Private,42428, Prof-school,13, Married-civ-spouse, Prof-specialty, Husband, White, Male,26,0,40, United-States, >50K
50, Private,201970, Some-college,10, Married-civ-spouse, Exec-managerial, Husband, White, Male,0,0,50, United-States, >50K
47, Self-emp-not-inc,93829, HS-grad,9, Never-married, Transport-moving, Other-relative, White, Male,8,0,55, United-States, <=50K
41, Private,286432, 1st-4th,15, Separated, Prof-specialty, Not-in-family, White, Female,26,0,40, United-States, >50K
64, Private,215531, HS-grad,9, Married-civ-spouse, Craft-repair, Husband, White, Male,16,0,57, United-States, <=50K
73, Private,187794, Some-college,10, Widowed, Other-service, Unmarried, White, Female,0,0,35, United-States, <=50K
43, Private,189597, Assoc-acdm,12, Married-civ-spouse, Adm-clerical, Husband, White, Male,10,0,40, United-States, <=50K
41, Federal-gov,241865, HS-grad,9, Married-civ-spouse, Craft-repair, Wife, White, Male,9,0,59, United-States, >50K
46, Private,365586, HS-grad,9, Married-civ-spouse, Transport-moving, Husband, White, Male,18,0,40, United-States, <=50K
65, State-gov,378780, HS-grad,9, Married-civ-spouse, Exec-managerial, Husband, White, Male,3796,0,57, United-States, >50K
19, ?,120654, HS-grad,9, Never-married, ?, Other-relative, White, Male,0,0,40, United-States, <=50K
38, Self-emp-not-inc,100199, HS-grad,9, Married-civ-spouse, Transport-moving, Husband, White, Male,0,0,40, United-States, <=50K
50, Private,191931, HS-grad,9, Divorced, Machine-op-inspct, Not-in-family, White, Male,0,0,44, United-States, <=50K
55, Private,165645, Some-college,10, Widowed, Tech-support, Not-in-family, White, Female,16,0,40, United-States, <=50K
31, Private,152133, HS-grad,9, Never-married, Craft-repair, Not-in-family, Black, Male,1,0,40, United-States, <=50K
65, Local-gov,404814, Some-college,10, Married-civ-spouse, Craft-repair, Husband, White, Male,7,0,40, Cuba, <=50K
31, Private,469349, Some-college,10, Divorced, Handlers-cleaners, Not-in-family, White, Male,0,0,58, United-States, <=50K
29, Private,312040, Some-college,10, Never-married, Transport-moving, Not-in-family, Black, Male,3,0,35, United-States, <=50K
44, Private,387442, HS-grad,9, Separated, Sales, Unmarried, Asian-Pac-Islander, Male,10,0,23, Jamaica, <=50K
61, Without-pay,58216, HS-grad,9, Married-civ-spouse, Craft-repair, Husband, White, Male,2,1790,58, United-States, <=50K
53, Self-emp-inc,121171, 1st-4th,4, Married-civ-spouse, Transport-moving, Husband, White, Male,0,0,67, United-States, <=50K
40, Federal-gov,285741, Doctorate,16, Married-civ-spouse, Adm-clerical, Not-in-family, White, Male,13,0,40, United-States, >50K
25, ?,137299, 10th,6, Never-married, ?, Own-child, White, Male,0,0,20, United-States, <=50K
27, Private,656273, HS-grad,9, Never-married, Sales, Not-in-family, White, Female,3,0,12, United-States, <=50K
37, Private,336189, Prof-school,15, Never-married, Prof-specialty, Not-in-family, White, Male,15460,0,50, United-States, >50K
24, Federal-gov,168009, Assoc-acdm,13, Never-married, Prof-specialty, Own-child, White, Male,31,0,40, United-States, <=50K
17, Never-worked,327088, HS-grad,9, Never-married, ?, Not-in-family, White, Male,12,0,40, Thailand, <=50K
18, Private,243934, 11th,7, Never-married, Adm-clerical, Own-child, White, Female,1,0,35, United-States, <=50K
25, Private,270381, Some-college,10, Never-married, Craft-repair, Own-child, White, Female,0,0,34, United-States, <=50K
29, Local-gov,280537, Some-college,10, Married-civ-spouse, Transport-moving, Husband, White, Male,13,0,40, Poland, >50K
52, Private,163174, Masters,14, Married-civ-spouse, Exec-managerial, Husband, White, Male,0,0,64, United-States, >50K
31, Local-gov,123897, Assoc-acdm,13, Married-civ-spouse, Adm-clerical, Wife, White, Female,2,0,40, United-States, <=50K
44, Private,152367, HS-grad,9, Married-civ-spouse, Transport-moving, Husband, Amer-Indian-Eskimo, Male,1,0,40, United-States, <=50K
55, Private,213351, Assoc-acdm,13, Married-civ-spouse, Prof-specialty, Wife, White, Female,26,0,40, Cuba, >50K
18, Private,336829, HS-grad,9, Never-married, Adm-clerical, Own-child, White, Male,0,0,29, United-States, <=50K
43, Private,103262, HS-grad,9, Divorced, Farming-fishing, Not-in-family, White, Female,0,0,44, United-States, <=50K
22, Federal-gov,80711, Some-college,10, Divorced, ?, Not-in-family, White, Female,12,0,6, England, <=50K
46, Private,82521, Preschool,3, Married-civ-spouse, Craft-repair, Husband, Asian-Pac-Islander, Male,10,0,40, Mexico, >50K
77, Self-emp-inc,279964, HS-grad,9, Married-civ-spouse, Prof-specialty, Wife, White, Male,31,0,55, Greece, >50K
27, Private,119722, 12th,3, Married-spouse-absent, Machine-op-inspct, Not-in-family, White, Female,0,0,35, United-States, <=50K
27, Federal-gov,27389, Assoc-voc,11, Never-married, Tech-support, Not-in-family, White, Female,0,0,37, United-States, <=50K
23, Private,292844, Bachelors,13, Divorced, Tech-support, Other-relative, White, Female,0,0,40, United-States, <=50K
21, Private,122752, 11th,7, Never-married, Machine-op-inspct, Own-child, Black, Male,0,0,30, United-States, <=50K
57, Local-gov,124127, Some-college,10, Married-civ-spouse, Adm-clerical, Husband, White, Male,6,0,40, United-States, <=50K
22, Local-gov,280914, HS-grad,9, Divorced, Adm-clerical, Not-in-family, White, Female,4,0,56, United-States, <=50K
54, Private,196720, Prof-school,15, Never-married, Prof-specialty, Not-in-family, White, Male,37,0,61, United-States, >50K
41, Private,126992, Assoc-voc,6, Married-civ-spouse, Craft-repair, Husband, White, Male,3999,0,40, United-States, <=50K
42, Self-emp-not-inc,367889, Bachelors,13, Separated, Adm-clerical, Unmarried, White, Female,1,0,40, United-States, <=50K
25, Private,286624, Bachelors,13, Separated, Exec-managerial, Unmarried, Asian-Pac-Islander, Female,1,0,40, Jamaica, <=50K
63, Federal-gov,105258, Prof-school,9, Separated, Prof-specialty, Not-in-family, White, Female,9,0,34, United-States, >50K
36, Self-emp-not-inc,140133, Assoc-voc,15, Married-civ-spouse, Craft-repair, Husband, White, Male,39,0,50, United-States, >50K
71, Private,225178, HS-grad,9, Separated, Machine-op-inspct, Unmarried, Black, Female,0,0,40, United-States, <=50K
90, Self-emp-inc,183449, HS-grad,9, Widowed, Sales, Unmarried, White, Female,8,0,7, United-States, <=50K
22, Private,85884, Some-college,10, Never-married, Adm-clerical, Own-child, White, Male,20,0,11, United-States, <=50K
54, Federal-gov,400432, HS-grad,9, Separated, Adm-clerical, Not-in-family, Black, Female,19,0,40, United-States, <=50K
81, ?,181834, HS-grad,9, Married-AF-spouse, ?, Unmarried, White, Female,10,1,36, United-States, <=50K
39, Self-emp-not-inc,178417, Masters,14, Married-civ-spouse, Prof-specialty, Husband, White, Male,13,0,60, United-States, <=50K
28, Private,211637, Assoc-acdm,13, Never-married, Machine-op-inspct, Not-in-family, White, Female,0,0,40, United-States, <=50K
48, Private,271427, HS-grad,9, Married-civ-spouse, Craft-repair, Husband, White, Male,6,0,40, Haiti, <=50K
19, ?,132193, 11th,7, Divorced, ?, Own-child, White, Female,0,0,8, United-States, <=50K
24, Private,56737, HS-grad,9, Never-married, Transport-moving, Own-child, White, Male,16,0,40, United-States, <=50K
43, Private,300880, Bachelors,13, Married-civ-spouse, Prof-specialty, Husband, White, Male,6,0,35, England, >50K
69, Self-emp-not-inc,316194, Some-college,10, Married-civ-spouse, Exec-managerial, Wife, Black, Female,16,0,35, United-States, >50K
40, Private,60258, HS-grad,9, Married-civ-spouse, Machine-op-inspct, Husband, White, Male,0,0,58, United-States, >50K
47, Private,18389, Bachelors,13, Married-civ-spouse, Exec-managerial, Husband, White, Female,1,0,73, United-States, >50K
22, Private,202758, Preschool,4, Separated, Adm-clerical, Other-relative, White, Female,6,0,40, Mexico, <=50K
41, Private,109032, Assoc-voc,11, Never-married, Craft-repair, Unmarried, Black, Male,1,0,40, United-States, <=50K
62, ?,194282, 9th,6, Widowed, ?, Unmarried, White, Female,12,0,40, United-States, <=50K
44, Local-gov,325609, Some-college,10, Widowed, Farming-fishing, Other-relative, Black, Female,0,0,36, United-States, <=50K
31, Private,123729, HS-grad,9, Never-married, Machine-op-inspct, Other-relative, White, Female,38,0,40, United-States, <=50K
51, ?,38979, 10th,4, Married-civ-spouse, ?, Husband, White, Male,0,0,19, United-States, <=50K
53, Private,252085, HS-grad,9, Married-civ-spouse, Craft-repair, Husband, White, Male,5,0,40, United-States, >50K
61, State-gov,67108, HS-grad,9, Divorced, Adm-clerical, Not-in-family, White, Female,19,0,40, United-States, <=50K
71, State-gov,243950, HS-grad,9, Widowed, Adm-clerical, Not-in-family, White, Female,19,0,40, United-States, <=50K
78, Self-emp-not-inc,95968, Some-college,10, Married-spouse-absent, Other-service, Not-in-family, White, Male,0,0,30, United-States, <=50K
27, Federal-gov,221003, Some-college,16, Married-AF-spouse, Prof-specialty, Other-relative, White, Female,11,0,40, France, >50K
53, State-gov,158778, 7th-8th,4, Married-civ-spouse, Other-service, Husband, Other, Male,1,0,50, ?, <=50K
61, Self-emp-not-inc,128528, Prof-school,16, Married-civ-spouse, Prof-specialty, Husband, White, Male,34,0,74, United-States, <=50K
20, ?,220668, 11th,7, Never-married, ?, Own-child, White, Female,0,0,19, United-States, <=50K
48, Private,199227, Some-college,10, Married-civ-spouse, Adm-clerical, Other-relative, Asian-Pac-Islander, Male,0,0,40, Cuba, >50K
52, Federal-gov,113790, Bachelors,9, Married-civ-spouse, Exec-managerial, Husband, White, Male,6,0,40, Nicaragua, >50K
52, Private,212655, 7th-8th,5, Married-civ-spouse, Transport-moving, Husband, White, Male,20,0,40, United-States, <=50K
28, Private,213032, HS-grad,9, Married-civ-spouse, Adm-clerical, Wife, White, Female,25,0,40, United-States, <=50K
62, Self-emp-not-inc,195940, Some-college,10, Divorced, Prof-specialty, Not-in-family, White, Male,7582,0,49, United-States, <=50K
54, Self-emp-not-inc,230633, Some-college,10, Divorced, Adm-clerical, Not-in-family, White, Male,3424,0,40, United-States, <=50K
47, Private,331609, Some-college,10, Never-married, Transport-moving, Not-in-family, Black, Male,27,0,56, United-States, <=50K
30, State-gov,110364, Some-college,10, Never-married, Adm-clerical, Not-in-family, White, Male,0,0,7, United-States, <=50K
24, Private,319499, 5th-6th,3, Never-married, Craft-repair, Not-in-family, White, Male,22,0,40, Mexico, <=50K
43, Federal-gov,222032, Some-college,10, Divorced, Adm-clerical, Not-in-family, Black, Male,0,0,58, United-States, <=50K
33, Self-emp-inc,117222, HS-grad,9, Married-civ-spouse, Other-service, Husband, Asian-Pac-Islander, Male,0,0,40, Philippines, <=50K
36, Private,546918, HS-grad,9, Married-civ-spouse, Machine-op-inspct, Husband, White, Male,0,0,40, United-States, <=50K
26, Private,93385, Bachelors,13, Never-married, Sales, Unmarried, White, Female,16,0,35, United-States, <=50K
22, Federal-gov,231749, Bachelors,13, Never-married, Adm-clerical, Own-child, White, Female,0,1,40, United-States, <=50K
24, Private,25166, 11th,7, Never-married, Handlers-cleaners, Own-child, White, Male,4,0,40, United-States, <=50K
38, Federal-gov,255931, Assoc-acdm,6, Divorced, Protective-serv, Not-in-family, Amer-Indian-Eskimo, Female,5,0,40, United-States, <=50K
58, ?,327087, 10th,6, Divorced, ?, Not-in-family, White, Female,12,0,35, United-States, <=50K
41, Private,101747, HS-grad,9, Married-civ-spouse, Machine-op-inspct, Husband, White, Male,0,0,40, United-States, <=50K
36, Private,25774, Bachelors,13, Married-civ-spouse, Sales, Husband, White, Male,24,0,50, United-States, >50K
22, Private,294326, Assoc-acdm,13, Never-married, Adm-clerical, Not-in-family, White, Female,23,0,66, United-States, <=50K
43, Private,345054, Assoc-acdm,13, Separated, Prof-specialty, Wife, White, Female,20,0,12, ?, <=50K
45, Local-gov,222238, Bachelors,13, Married-civ-spouse, Prof-specialty, Husband, White, Male,4,0,44, United-States, >50K
26, Federal-gov,41275, HS-grad,9, Never-married, Transport-moving, Not-in-family, White, Male,0,0,40, United-States, <=50K
55, Local-gov,133013, Bachelors,13, Divorced, Adm-clerical, Not-in-family, White, Female,6,1,40, United-States, <=50K
38, Private,178833, Bachelors,13, Married-civ-spouse, Adm-clerical, Husband, White, Male,2,0,40, United-States, <=50K
41, Local-gov,258928, Bachelors,13, Married-civ-spouse, Exec-managerial, Husband, White, Male,0,0,40, United-States, >50K
23, Private,209221, Some-college,10, Never-married, Sales, Own-child, White, Male,0,0,44, United-States, <=50K
32, Private,139982, HS-grad,7, Married-civ-spouse, Craft-repair, Husband, White, Male,0,0,40, United-States, <=50K
43, Without-pay,468943, HS-grad,9, Never-married, Transport-moving, Not-in-family, White, Female,6,0,40, United-States, <=50K
33, Private,314482, HS-grad,9, Married-spouse-absent, Machine-op-inspct, Other-relative, White, Male,21,0,40, United-States, <=50K
24, Local-gov,191042, Bachelors,13, Married-AF-spouse, Adm-clerical, Wife, White, Female,0,1818,36, France, <=50K
61, Self-emp-not-inc,87412, Some-college,10, Widowed, Sales, Not-in-family, White, Female,6,0,30, United-States, <=50K
59, Private,172186, Masters,14, Married-civ-spouse, Exec-managerial, Husband, White, Male,6,0,40, United-States, >50K
44, Federal-gov,205324, Bachelors,13, Married-civ-spouse, Sales, Husband, White, Male,38,0,40, United-States, >50K
19, Local-gov,169374, 11th,4, Never-married, Priv-house-serv, Own-child, White, Female,0,0,35, United-States, <=50K
64, Self-emp-not-inc,154560, Some-college,10, Married-civ-spouse, ?, Husband, White, Male,18,0,17, United-States, <=50K
18, Private,85629, Some-college,10, Never-married, Other-service, Not-in-family, White, Female,3483,0,40, United-States, <=50K
47, Local-gov,394867, Bachelors,13, Married-civ-spouse, Prof-specialty, Husband, Black, Male,21,0,40, United-States, >50K
57, Self-emp-inc,340199, HS-grad,9, Widowed, Adm-clerical, Other-relative, White, Female,20,0,58, United-States, <=50K
29, Private,186978, 11th,4, Never-married, Handlers-cleaners, Own-child, White, Male,13,0,40, United-States, <=50K
37, Local-gov,313981, Masters,14, Divorced, Prof-specialty, Unmarried, White, Female,21,1790,64, United-States, <=50K
42, State-gov,142589, 7th-8th,7, Never-married, Transport-moving, Not-in-family, Asian-Pac-Islander, Female,11,0,45, ?, <=50K
66, Local-gov,54332, HS-grad,9, Married-AF-spouse, Sales, Wife, White, Female,7867,0,34, United-States, >50K
21, ?,105401, Some-college,10, Never-married, ?, Own-child, White, Female,7,0,7, United-States, <=50K
20, Private,204418, Some-college,10, Never-married, ?, Own-child, White, Male,0,0,35, United-States, <=50K
61, Private,110291, 9th,5, Married-civ-spouse, Craft-repair, Husband, White, Male,19,0,40, England, <=50K
24, Private,227232, Some-college,6, Separated, Adm-clerical, Unmarried, White, Female,0,0,40, United-States, <=50K
41, Private,125525, Assoc-voc,11, Married-civ-spouse, Tech-support, Husband, White, Male,0,0,56, United-States, >50K
37, Federal-gov,62681, HS-grad,9, Never-married, Adm-clerical, Unmarried, White, Female,13,0,40, United-States, <=50K
42, Self-emp-inc,125263, 10th,6, Married-civ-spouse, Prof-specialty, Husband, White, Male,0,1,40, United-States, >50K
27, Federal-gov,156729, Bachelors,13, Married-civ-spouse, Tech-support, Husband, White, Male,17,0,45, United-States, >50K
27, Private,169531, HS-grad,9, Never-married, Adm-clerical, Own-child, White, Male,11,0,34, United-States, <=50K
48, State-gov,305776, HS-grad,9, Married-civ-spouse, Handlers-cleaners, Husband, White, Male,0,0,40, United-States, <=50K
22, ?,214413, 10th,4, Never-married, ?, Own-child, White, Female,0,0,34, United-States, <=50K
40, Private,73225, 9th,6, Married-civ-spouse, Machine-op-inspct, Husband, White, Male,0,0,40, United-States, <=50K
43, Private,521910, Bachelors,13, Separated, Craft-repair, Not-in-family, White, Male,0,2007,35, Cuba, <=50K
19, Private,108921, Some-college,10, Never-married, Other-service, Own-child, Black, Male,0,0,40, United-States, <=50K
37, Local-gov,310033, Bachelors,13, Divorced, Craft-repair, Unmarried, White, Male,5,0,40, United-States, <=50K
43, Federal-gov,263666, Bachelors,13, Married-civ-spouse, Prof-specialty, Wife, White, Female,0,0,40, United-States, <=50K
62, Private,245820, Some-college,10, Married-civ-spouse, Transport-moving, Husband, White, Male,2667,0,49, United-States, <=50K
70, Private,36230, Some-college,10, Married-civ-spouse, Craft-repair, Husband, White, Male,2,0,40, United-States, <=50K
34, Private,191455, Masters,14, Never-married, Prof-specialty, Unmarried, White, Female,24,0,40, United-States, <=50K
35, Self-emp-not-inc,71033, Some-college,10, Widowed, Adm-clerical, Unmarried, Black, Female,0,0,29, United-States, <=50K
41, Private,312552, Masters,14, Never-married, Prof-specialty, Not-in-family, Black, Male,7,0,35, United-States, <=50K
36, Private,99138, Masters,14, Never-married, Craft-repair, Not-in-family, White, Male,0,0,40, England, <=50K
40, State-gov,214121, HS-grad,9, Married-civ-spouse, Craft-repair, Husband, White, Male,0,0,50, United-States, <=50K
41, Private,314085, Some-college,10, Divorced, Craft-repair, Unmarried, Other, Female,0,0,40, South, <=50K
84, Federal-gov,169002, HS-grad,9, Married-civ-spouse, Machine-op-inspct, Husband, White, Male,17,0,40, United-States, >50K
42, Private,455198, HS-grad,9, Never-married, Adm-clerical, Not-in-family, Black, Female,11,0,40, United-States, <=50K
43, Private,157685, Bachelors,13, Married-civ-spouse, Exec-managerial, Wife, White, Female,0,0,58, Cuba, <=50K
48, Private,204841, 12th,6, Married-spouse-absent, Craft-repair, Not-in-family, White, Male,19,0,40, United-States, <=50K
22, Local-gov,65602, Bachelors,13, Never-married, Prof-specialty, Not-in-family, White, Female,0,0,50, United-States, >50K
63, Self-emp-not-inc,26609, Bachelors,13, Married-civ-spouse, Exec-managerial, Husband, White, Male,21,0,50, United-States, >50K
43, Private,69978, HS-grad,9, Never-married, Transport-moving, Not-in-family, Black, Male,0,0,40, United-States, <=50K
42, Private,478652, HS-grad,9, Never-married, Craft-repair, Not-in-family, White, Male,17,0,40, United-States, <=50K
41, Self-emp-inc,190953, Some-college,10, Married-civ-spouse, Craft-repair, Husband, White, Male,18,0,55, Vietnam, >50K
46, Federal-gov,237997, Prof-school,15, Married-civ-spouse, Craft-repair, Husband, White, Male,3812,0,40, Cuba, >50K
36, Private,119353, HS-grad,9, Never-married, Machine-op-inspct, Not-in-family, White, Male,3,0,40, United-States, <=50K
22, Private,186963, 5th-6th,3, Never-married, Craft-repair, Unmarried, Black, Female,0,0,40, United-States, <=50K
55, Private,272767, Some-college,10, Widowed, Adm-clerical, Unmarried, White, Female,0,0,40, United-States, <=50K
22, Private,64670, HS-grad,9, Never-married, Transport-moving, Not-in-family, White, Male,13,0,40, United-States, <=50K
25, Local-gov,101831, Masters,13, Never-married, Prof-specialty, Not-in-family, White, Female,0,1788,44, United-States, <=50K
25, Private,262865, Doctorate,16, Never-married, Prof-specialty, Husband, White, Male,14,0,61, United-States, >50K
53, Self-emp-not-inc,30962, HS-grad,9, Married-civ-spouse, Protective-serv, Husband, White, Male,21,0,40, United-States, <=50K
60, Federal-gov,339728, Some-college,10, Widowed, Exec-managerial, Not-in-family, White, Male,18,0,40, United-States, >50K
22, Private,147745, Some-college,10, Never-married, Other-service, Own-child, White, Male,5,0,12, United-States, <=50K
31, Private,205676, Assoc-acdm,13, Separated, Prof-specialty, Not-in-family, White, Female,9,0,34, United-States, <=50K
72, State-gov,314646, Some-college,10, Married-civ-spouse, Exec-managerial, Husband, White, Male,0,0,44, United-States, >50K
18, ?,192846, Some-college,10, Never-married, ?, Own-child, White, Female,0,0,34, United-States, <=50K
51, Federal-gov,280041, Prof-school,11, Married-civ-spouse, Adm-clerical, Husband, White, Male,20,0,40, United-States, >50K
20, ?,319979, Some-college,9, Never-married, ?, Own-child, White, Female,5,0,9, United-States, <=50K
19, Private,119892, Bachelors,13, Never-married, Adm-clerical, Own-child, Asian-Pac-Islander, Female,2,0,35, Philippines, <=50K
25, Self-emp-not-inc,356293, HS-grad,9, Widowed, Craft-repair, Not-in-family, White, Male,4,0,19, United-States, <=50K
42, Self-emp-not-inc,196641, 9th,4, Married-civ-spouse, Craft-repair, Husband, White, Male,2955,0,59, United-States, <=50K
53, Private,106504, 7th-8th,4, Married-civ-spouse, Machine-op-inspct, Not-in-family, White, Male,5,0,40, Puerto-Rico, <=50K
46, Local-gov,300486, Bachelors,13, Married-civ-spouse, Prof-specialty, Husband, White, Male,15,0,64, United-States, >50K
43, Local-gov,163590, Bachelors,13, Married-civ-spouse, Transport-moving, Husband, White, Male,6,0,45, United-States, <=50K
57, Federal-gov,240316, HS-grad,9, Never-married, Craft-repair, Not-in-family, White, Female,0,0,40, Cuba, <=50K
25, Private,103959, Assoc-voc,7, Never-married, Handlers-cleaners, Unmarried, White, Female,0,0,34, United-States, <=50K
55, Private,214624, Doctorate,14, Separated, Prof-specialty, Not-in-family, White, Female,0,0,35, United-States, >50K
53, Private,617315, HS-grad,9, Married-civ-spouse, Adm-clerical, Wife, White, Female,0,0,40, Cuba, <=50K
38, Local-gov,195351, Bachelors,13, Married-civ-spouse, Prof-specialty, Husband, White, Male,0,0,50, United-States, <=50K
21, Private,200215, 11th,7, Widowed, Priv-house-serv, Unmarried, White, Female,0,0,6, United-States, <=50K
39, Self-emp-not-inc,382849, Some-college,10, Separated, Prof-specialty, Unmarried, Asian-Pac-Islander, Female,0,0,34, Puerto-Rico, <=50K
48, Private,293632, 7th-8th,4, Divorced, Machine-op-inspct, Unmarried, White, Female,3,0,36, Jamaica, <=50K
60, Private,153740, Masters,14, Married-civ-spouse, Transport-moving, Husband, White, Male,0,0,40, United-States, <=50K
27, Local-gov,232517, HS-grad,9, Married-civ-spouse, Transport-moving, Husband, White, Male,0,0,35, ?, <=50K
39, Private,245167, Some-college,10, Divorced, Craft-repair, Not-in-family, White, Male,0,0,40, United-States, <=50K
47, Federal-gov,217062, Some-college,10, Married-civ-spouse, Craft-repair, Husband, Black, Male,12,0,40, Cuba, >50K
60, Self-emp-not-inc,76604, HS-grad,9, Married-civ-spouse, Farming-fishing, Other-relative, White, Male,10,0,40, United-States, <=50K
60, Private,125772, 9th,3, Married-civ-spouse, Craft-repair, Husband, White, Male,0,0,40, Dominican-Republic, <=50K
28, Self-emp-not-inc,107834, Assoc-acdm,12, Never-married, Adm-clerical, Not-in-family, White, Female,0,0,35, United-States, >50K
65, Self-emp-not-inc,99356, HS-grad,9, Never-married, Farming-fishing, Own-child, White, Male,0,0,34, United-States, <=50K
